{"red": {"mean": 1495.6743848360543, "std": 253.6972661327522}, "green": {"mean": 1324.5380484642476, "std": 274.91797984128385}, "blue": {"mean": 1274.7369594831637, "std": 372.78792777199703}, "nir": {"mean": 1760.9207965849807, "std": 462.9516052381805}, "vv": {"mean": -6.186442689196959, "std": 4.455854692857259}, "vh": {"mean": -14.0595515373677, "std": 4.01725673619365}}