{"red": {"mean": 1580.8884181133271, "std": 275.5218855822478}, "green": {"mean": 1392.5206252228863, "std": 287.69967385700716}, "blue": {"mean": 1342.0474046063955, "std": 373.4472636975427}, "nir": {"mean": 1822.714479085139, "std": 464.88921310214715}, "vv": {"mean": -6.339603907629314, "std": 4.253677560360397}, "vh": {"mean": -13.97514353304816, "std": 3.790290540257498}}