{"red": {"mean": 1478.9245148992661, "std": 252.23612473380746}, "green": {"mean": 1313.2073218554008, "std": 276.2143445590203}, "blue": {"mean": 1259.0258915706215, "std": 377.9757700272093}, "nir": {"mean": 1812.0938609888294, "std": 481.984462808382}, "vv": {"mean": -5.907004422559987, "std": 4.57835069206496}, "vh": {"mean": -13.788495952683316, "std": 4.12354688787836}}